title,url,"published at"
"Five Reasons Why Golf is the Perfect Socially Distanced Sport we NEED Right now",https://www.leedsgolfcentre.com/news_articles/view/84,"2021-02-09 09:10:52"
"5 ways to improve your golf in lockdown",https://www.leedsgolfcentre.com/news_articles/view/83,"2021-01-12 14:03:21"
"Junior Golf Tips",https://www.leedsgolfcentre.com/news_articles/view/82,"2019-12-11 10:39:17"
"Celebrating the golf stars of tomorrow: This year’s junior achievements",https://www.leedsgolfcentre.com/news_articles/view/81,"2019-11-21 15:35:49"
"Don't let winter stop you playing",https://www.leedsgolfcentre.com/news_articles/view/80,"2019-11-12 15:46:53"
"Leeds Golf Centre hosts PGA Super 60’s Championship",https://www.leedsgolfcentre.com/news_articles/view/79,"2019-08-15 00:00:00"
"Pro tips for beginner golfers: swing plane and accuracy",https://www.leedsgolfcentre.com/news_articles/view/78,"2019-08-07 13:44:36"
"What's on in August",https://www.leedsgolfcentre.com/news_articles/view/77,"2019-07-30 00:00:00"
"Leeds Golf Centre hosts the Senior Masters Tournament 2019",https://www.leedsgolfcentre.com/news_articles/view/76,"2019-07-29 16:02:40"
"What’s on in June",https://www.leedsgolfcentre.com/news_articles/view/75,"2019-05-29 16:50:43"
"How our free custom fitting service could improve your game",https://www.leedsgolfcentre.com/news_articles/view/74,"2019-10-17 00:00:00"
"What’s on in May",https://www.leedsgolfcentre.com/news_articles/view/73,"2019-04-30 14:53:29"
"Pro tips for beginner golfers: speed and power",https://www.leedsgolfcentre.com/news_articles/view/72,"2019-04-26 13:56:18"
"What’s on in April",https://www.leedsgolfcentre.com/news_articles/view/71,"2019-03-29 13:38:31"
"Introducing our handiest service yet!",https://www.leedsgolfcentre.com/news_articles/view/70,"2019-04-01 00:00:00"
"The new golf rules you need to know",https://www.leedsgolfcentre.com/news_articles/view/69,"2019-03-13 16:20:15"
"Pro tips for beginner golfers: bunker shots",https://www.leedsgolfcentre.com/news_articles/view/68,"2019-03-01 00:00:00"
"This is what you should focus on during your Leadbetter seven-minute practice",https://www.leedsgolfcentre.com/news_articles/view/67,"2019-01-17 11:57:49"
"A beginner golfer’s guide to winter play",https://www.leedsgolfcentre.com/news_articles/view/66,"2018-12-17 09:43:31"
"Improve your golf swing with TPI",https://www.leedsgolfcentre.com/news_articles/view/65,"2018-12-03 13:20:42"
"Get to know the Par-3 Club",https://www.leedsgolfcentre.com/news_articles/view/64,"2018-11-19 10:34:54"
"How to make the most of your membership during the darker months",https://www.leedsgolfcentre.com/news_articles/view/63,"2018-11-05 10:32:02"
"Pro tips for beginner golfers: posture and pivot",https://www.leedsgolfcentre.com/news_articles/view/61,"2018-10-17 15:47:54"
"Five minutes with junior academy member, Teddy",https://www.leedsgolfcentre.com/news_articles/view/59,"2018-10-04 15:33:19"
"Ellie’s experience of the WPGA Lombard Trophy 2018",https://www.leedsgolfcentre.com/news_articles/view/58,"2018-10-01 13:36:49"
"Pro tips for beginner golfers: Grip",https://www.leedsgolfcentre.com/news_articles/view/57,"2018-09-17 15:22:08"
"Junior Term Lessons Are Back!",https://www.leedsgolfcentre.com/news_articles/view/55,"2018-08-31 00:00:00"
"How To Use The Driving Range To Improve Your Game",https://www.leedsgolfcentre.com/news_articles/view/53,"2019-09-25 00:00:00"
"Here’s What Happened At The Senior Masters Tournament 2018",https://www.leedsgolfcentre.com/news_articles/view/52,"2018-07-02 08:41:37"
"The Ultimate Beginner's Guide To Golf",https://www.leedsgolfcentre.com/news_articles/view/51,"2018-06-20 09:02:31"
"The Senior Masters Returns To Leeds Golf Centre",https://www.leedsgolfcentre.com/news_articles/view/50,"2018-06-08 09:40:11"
"Here’s Why Leeds Golf Centre Is The Best Golf Club In England",https://www.leedsgolfcentre.com/news_articles/view/49,"2018-05-15 09:38:33"
"An Interview With Duncan: Get To Know The Newest Academy Member At Leeds Golf Centre",https://www.leedsgolfcentre.com/news_articles/view/47,"2018-04-24 11:54:37"
"Our Up To Scratch Beginner's Challenge Begins In June",https://www.leedsgolfcentre.com/news_articles/view/46,"2018-04-23 09:46:49"
"Golfing Parents: Get Your Mini-Mes On Their Golfing Journey",https://www.leedsgolfcentre.com/news_articles/view/45,"2018-04-16 12:29:10"
"Information About The Senior Masters Tour 2018",https://www.leedsgolfcentre.com/news_articles/view/44,"2018-04-11 09:46:39"
"The Leeds Golf Centre Academy Is Growing As We Grow The Game",https://www.leedsgolfcentre.com/news_articles/view/43,"2018-04-03 13:54:52"
"Everything You Need To Know About Tiger Cubs And Junior Camps",https://www.leedsgolfcentre.com/news_articles/view/42,"2018-03-27 09:04:16"
"Here's Who You Can Play A Good Game Of Footgolf With",https://www.leedsgolfcentre.com/news_articles/view/41,"2018-03-19 11:01:20"
"You’re Invited To The Ladies Academy Open Day",https://www.leedsgolfcentre.com/news_articles/view/40,"2018-03-07 14:36:37"
"Our Inaugural Up To Scratch Members Challenge Will Start In April",https://www.leedsgolfcentre.com/news_articles/view/39,"2018-03-05 10:59:44"
"Leeds Golf Centre Wins Club Of The Year 2018 At The England Golf Awards",https://www.leedsgolfcentre.com/news_articles/view/38,"2018-02-23 11:15:03"
"Joe Feather's Top Tips To Improve Your Golf Swing",https://www.leedsgolfcentre.com/news_articles/view/37,"2018-02-01 10:08:43"
"What Makes Leeds Golf Centre's Driving Range The Best In Yorkshire?",https://www.leedsgolfcentre.com/news_articles/view/35,"2018-01-12 14:03:14"
"Leeds Golf Centre Has Been Nominated For Golf Club Of The Year",https://www.leedsgolfcentre.com/news_articles/view/34,"2017-12-21 09:40:40"
"Join Our Seven Hopefuls On Their Journey To Become The Next Charley Hull",https://www.leedsgolfcentre.com/news_articles/view/33,"2017-12-19 08:27:02"
"Here Are The Top 5 Golfing Presents For Christmas 2017",https://www.leedsgolfcentre.com/news_articles/view/29,"2017-12-01 08:34:36"
"This Is Why Leeds Golf Centre Is The Home Of Modern Golf",https://www.leedsgolfcentre.com/news_articles/view/27,"2017-11-20 11:50:03"
"7 Benefits Golf Has On Your Health",https://www.leedsgolfcentre.com/news_articles/view/25,"2017-10-17 10:56:21"
"2018 Open Days At Leeds Golf Centre",https://www.leedsgolfcentre.com/news_articles/view/24,"2017-10-12 13:38:38"
"The North Of England Par 3 Championship",https://www.leedsgolfcentre.com/news_articles/view/21,"2017-09-05 09:40:06"
"The New Up To Scratch Course Begins This September!",https://www.leedsgolfcentre.com/news_articles/view/19,"2017-09-04 14:57:31"
"Leeds Pub Golf Championship 2017",https://www.leedsgolfcentre.com/news_articles/view/17,"2017-08-24 00:00:00"
"""Most Welcoming Golf Course"" Winner!",https://www.leedsgolfcentre.com/news_articles/view/15,"2017-03-27 00:00:00"
"We Are Hosting The Senior Masters!",https://www.leedsgolfcentre.com/news_articles/view/14,"2017-05-22 00:00:00"
"Shop Re-fit",https://www.leedsgolfcentre.com/news_articles/view/13,"2017-05-03 00:00:00"
"Exclusive 3-Day Senior Golf Course",https://www.leedsgolfcentre.com/news_articles/view/11,"2017-03-20 00:00:00"
"Up To Scratch",https://www.leedsgolfcentre.com/news_articles/view/8,"2017-05-07 00:00:00"
